Workbook

Sheet Summary
A1: US_LOGIN_001 - Login Test Case Summary
A3: Execution Type | B3: Web | C3: Mobile | D3: Total
A4: Manual | B4: =COUNTIF(Web!K:K,"Manual") -> 9 | C4: =COUNTIF(Mobile!K:K,"Manual") -> 9 | D4: =B4+C4 -> 18
A5: Automation | B5: =COUNTIF(Web!K:K,"Automation") -> 22 | C5: =COUNTIF(Mobile!K:K,"Automation") -> 12 | D5: =B5+C5 -> 34
A6: Both | B6: =COUNTIF(Web!K:K,"Both") -> 7 | C6: =COUNTIF(Mobile!K:K,"Both") -> 7 | D6: =B6+C6 -> 14
A7: Total test cases | B7: =SUM(B4:B6) -> 38 | C7: =SUM(C4:C6) -> 28 | D7: =SUM(D4:D6) -> 66
A9: Execution Status | B9: Web | C9: Mobile | D9: Total
A10: Not Executed | B10: =COUNTIF(Web!N:N,"Not Executed") -> 36 | C10: =COUNTIF(Mobile!N:N,"Not Executed") -> 25 | D10: =B10+C10 -> 61
A11: Pass | B11: =COUNTIF(Web!N:N,"Pass") -> 0 | C11: =COUNTIF(Mobile!N:N,"Pass") -> 0 | D11: =B11+C11 -> 0
A12: Fail | B12: =COUNTIF(Web!N:N,"Fail") -> 2 | C12: =COUNTIF(Mobile!N:N,"Fail") -> 3 | D12: =B12+C12 -> 5
A13: Blocked | B13: =COUNTIF(Web!N:N,"Blocked") -> 0 | C13: =COUNTIF(Mobile!N:N,"Blocked") -> 0 | D13: =B13+C13 -> 0
A15: Test Type | B15: Web | C15: Mobile | D15: Total
A16: Compatibility | B16: 2 | C16: 0 | D16: 2
A17: Navigation | B17: 1 | C17: 6 | D17: 7
A18: Negative | B18: 10 | C18: 4 | D18: 14
A19: Positive | B19: 6 | C19: 3 | D19: 9
A20: Security | B20: 10 | C20: 5 | D20: 15
A21: UI | B21: 6 | C21: 6 | D21: 12
A22: Validation | B22: 3 | C22: 4 | D22: 7
A24: Notes
A25: Both = executed manually first and automated for regression.
A26: Pre-filled Fail results come from the exploratory run on 2026-10-12; see docs/ac-deviations.md.
A27: Tags containing @known-issue mark tests expected to fail until the application is fixed.

Sheet Web
A1: Test Case ID | B1: User Story ID | C1: Platform (Web/Mobile) | D1: Test Scenario | E1: Test Case Description | F1: Preconditions | G1: Test Steps | H1: Test Data | I1: Expected Result | J1: Test Type | K1: Execution Type (Manual/Automation/Both) | L1: Automation Priority | M1: Actual Result | N1: Execution Status | O1: AC Ref | P1: Priority | Q1: Automation Tags | R1: Automation Script Ref | S1: Remarks
A2: TC_WEB_LOGIN_001 | B2: US_LOGIN_001 | C2: Web | D2: Successful login | E2: Verify a registered user can log in with valid credentials. | F2: Browser open on https://www.saucedemo.com/; user not logged in. | G2: 1. Open the login page 2. Enter the username 3. Enter the password 4. Click Login | H2: standard_user / secret_sauce | I2: User lands on /inventory.html; 'Products' title and 6 inventory items are displayed. | J2: Positive | K2: Both | L2: P1 | N2: Not Executed | O2: AC2, AC4, AC7 | P2: High | Q2: @smoke @regression | R2: Pending
A3: TC_WEB_LOGIN_002 | B3: US_LOGIN_001 | C3: Web | D3: Login screen controls | E3: Verify the login screen shows Username, Password and Login controls. | F3: Browser open on the login page. | G3: 1. Open the login page 2. Observe the form | H3: N/A | I3: Username field (placeholder 'Username'), Password field (placeholder 'Password') and 'Login' button are visible and enabled. | J3: UI | K3: Both | L3: P1 | N3: Not Executed | O3: AC1 | P3: High | Q3: @smoke @regression | R3: Pending
A4: TC_WEB_LOGIN_003 | B4: US_LOGIN_001 | C4: Web | D4: Password masking | E4: Verify the password is masked while typed. | F4: Browser open on the login page. | G4: 1. Type a password into the Password field 2. Observe the field | H4: secret_sauce | I4: Characters are shown as dots; the field type is 'password'. | J4: UI | K4: Both | L4: P1 | N4: Not Executed | O4: AC3 | P4: High | Q4: @smoke @regression | R4: Pending
A5: TC_WEB_LOGIN_004 | B5: US_LOGIN_001 | C5: Web | D5: Login with Enter key | E5: Verify pressing Enter in the Password field submits the form. | F5: Browser open on the login page. | G5: 1. Enter valid username 2. Enter valid password 3. Press Enter | H5: standard_user / secret_sauce | I5: User lands on /inventory.html. | J5: Positive | K5: Automation | L5: P2 | N5: Not Executed | O5: AC2, AC4 | P5: Medium | Q5: @regression | R5: Pending
A6: TC_WEB_LOGIN_005 | B6: US_LOGIN_001 | C6: Web | D6: Mandatory fields - both empty | E6: Verify submitting with both fields empty shows a validation error. | F6: Browser open on the login page. | G6: 1. Leave both fields empty 2. Click Login | H6: Username: (empty), Password: (empty) | I6: Error 'Epic sadface: Username is required' is shown; user stays on the login page. | J6: Validation | K6: Automation | L6: P1 | N6: Not Executed | O6: AC6 | P6: High | Q6: @smoke @negative @regression | R6: Pending
A7: TC_WEB_LOGIN_006 | B7: US_LOGIN_001 | C7: Web | D7: Mandatory fields - password empty | E7: Verify submitting a username without a password shows a validation error. | F7: Browser open on the login page. | G7: 1. Enter a username 2. Leave Password empty 3. Click Login | H7: standard_user / (empty) | I7: Error 'Epic sadface: Password is required' is shown; user stays on the login page. | J7: Validation | K7: Automation | L7: P1 | N7: Not Executed | O7: AC6 | P7: High | Q7: @negative @regression | R7: Pending
A8: TC_WEB_LOGIN_007 | B8: US_LOGIN_001 | C8: Web | D8: Mandatory fields - username empty | E8: Verify submitting a password without a username shows a validation error. | F8: Browser open on the login page. | G8: 1. Leave Username empty 2. Enter a password 3. Click Login | H8: (empty) / secret_sauce | I8: Error 'Epic sadface: Username is required' is shown; user stays on the login page. | J8: Validation | K8: Automation | L8: P1 | N8: Not Executed | O8: AC6 | P8: High | Q8: @negative @regression | R8: Pending
A9: TC_WEB_LOGIN_008 | B9: US_LOGIN_001 | C9: Web | D9: Invalid username, valid password | E9: Verify login fails for an unknown username. | F9: Browser open on the login page. | G9: 1. Enter an unknown username 2. Enter the valid password 3. Click Login | H9: invalid_user / secret_sauce | I9: Error 'Epic sadface: Username and password do not match any user in this service' is shown; no login. | J9: Negative | K9: Automation | L9: P1 | N9: Not Executed | O9: AC5 | P9: High | Q9: @smoke @negative @regression | R9: Pending
A10: TC_WEB_LOGIN_009 | B10: US_LOGIN_001 | C10: Web | D10: Valid username, invalid password | E10: Verify login fails for a valid username with a wrong password. | F10: Browser open on the login page. | G10: 1. Enter a valid username 2. Enter a wrong password 3. Click Login | H10: standard_user / wrong_password | I10: Error 'Epic sadface: Username and password do not match any user in this service' is shown; no login. | J10: Negative | K10: Automation | L10: P1 | N10: Not Executed | O10: AC5 | P10: High | Q10: @negative @regression | R10: Pending
A11: TC_WEB_LOGIN_010 | B11: US_LOGIN_001 | C11: Web | D11: Invalid username and invalid password | E11: Verify login fails when both credentials are wrong. | F11: Browser open on the login page. | G11: 1. Enter an unknown username 2. Enter a wrong password 3. Click Login | H11: invalid_user / wrong_password | I11: Error 'Epic sadface: Username and password do not match any user in this service' is shown; no login. | J11: Negative | K11: Automation | L11: P2 | N11: Not Executed | O11: AC5 | P11: Medium | Q11: @negative @regression | R11: Pending
A12: TC_WEB_LOGIN_011 | B12: US_LOGIN_001 | C12: Web | D12: Username is case sensitive | E12: Verify the username is case sensitive. | F12: Browser open on the login page. | G12: 1. Enter the username in upper case 2. Enter the valid password 3. Click Login | H12: STANDARD_USER / secret_sauce | I12: Login is rejected with the 'do not match any user' error. | J12: Negative | K12: Automation | L12: P2 | N12: Not Executed | O12: AC5 | P12: Medium | Q12: @negative @regression | R12: Pending
A13: TC_WEB_LOGIN_012 | B13: US_LOGIN_001 | C13: Web | D13: Password is case sensitive | E13: Verify the password is case sensitive. | F13: Browser open on the login page. | G13: 1. Enter the valid username 2. Enter the password in upper case 3. Click Login | H13: standard_user / SECRET_SAUCE | I13: Login is rejected with the 'do not match any user' error. | J13: Negative | K13: Automation | L13: P2 | N13: Not Executed | O13: AC5 | P13: Medium | Q13: @negative @regression | R13: Pending
... A16: TC_WEB_LOGIN_015 | B16: US_LOGIN_001 | C16: Web | D16: Dismiss error message | E16: Verify the error banner can be dismissed with the close button. | F16: An error banner is displayed after a failed login. | G16: 1. Trigger a validation error 2. Click the close (X) button on the banner | H16: Empty credentials | I16: The error banner disappears. | J16: UI | K16: Automation | L16: P3 | N16: Not Executed | O16: AC5 | P16: Low | Q16: @regression | R16: Pending
A17: TC_WEB_LOGIN_016 | B17: US_LOGIN_001 | C17: Web | D17: Error field highlighting | E17: Verify both input fields and the error banner are visually highlighted on error. | F17: Browser open on the login page. | G17: 1. Click Login with empty fields 2. Observe the fields and banner | H17: Empty credentials | I17: Fields show a red border and error icon; the banner is red with readable text. | J17: UI | K17: Manual | L17: NA | N17: Not Executed | O17: AC5, AC6 | P17: Low | R17: N/A
A18: TC_WEB_LOGIN_017 | B18: US_LOGIN_001 | C18: Web | D18: Authenticated screen content | E18: Verify the authenticated screen shows the product list after login. | F18: User logged in as standard_user. | G18: 1. Log in with valid credentials 2. Observe the inventory page | H18: standard_user / secret_sauce | I18: URL is /inventory.html, header 'Swag Labs', title 'Products' and 6 products with 'Add to cart' buttons. | J18: Positive | K18: Automation | L18: P2 | N18: Not Executed | O18: AC7 | P18: Medium | Q18: @regression | R18: Pending
A19: TC_WEB_LOGIN_018 | B19: US_LOGIN_001 | C19: Web | D19: Logout | E19: Verify a logged-in user can log out from the menu. | F19: User logged in as standard_user. | G19: 1. Click the menu button 2. Click Logout | H19: standard_user / secret_sauce | I19: User returns to the login page at https://www.saucedemo.com/ with empty Username and Password fields. | J19: Navigation | K19: Both | L19: P1 | N19: Not Executed | O19: AC9 | P19: High | Q19: @smoke @regression | R19: Pending
A20: TC_WEB_LOGIN_019 | B20: US_LOGIN_001 | C20: Web | D20: Browser Back after logout | E20: Verify the Back button after logout does not reveal authenticated content. | F20: User has just logged out. | G20: 1. Log in 2. Log out 3. Click the browser Back button | H20: standard_user / secret_sauce | I20: Login page is shown with the error 'You can only access '/inventory.html' when you are logged in.'; no products visible. | J20: Security | K20: Automation | L20: P1 | N20: Not Executed | O20: AC8, AC9 | P20: High | Q20: @security @regression | R20: Pending
A21: TC_WEB_LOGIN_020 | B21: US_LOGIN_001 | C21: Web | D21: Direct URL to inventory without login | E21: Verify the inventory page cannot be opened without logging in. | F21: No active session (cookies cleared). | G21: 1. Open https://www.saucedemo.com/inventory.html directly | H21: N/A | I21: Redirected to the login page with the error 'You can only access '/inventory.html' when you are logged in.' | J21: Security | K21: Automation | L21: P1 | N21: Not Executed | O21: AC8 | P21: High | Q21: @smoke @security @regression | R21: Pending
A22: TC_WEB_LOGIN_021 | B22: US_LOGIN_001 | C22: Web | D22: Direct URL to cart without login | E22: Verify the cart page cannot be opened without logging in. | F22: No active session (cookies cleared). | G22: 1. Open https://www.saucedemo.com/cart.html directly | H22: N/A | I22: Redirected to the login page with the error 'You can only access '/cart.html' when you are logged in.' | J22: Security | K22: Automation | L22: P2 | N22: Not Executed | O22: AC8 | P22: Medium | Q22: @security @regression | R22: Pending
A23: TC_WEB_LOGIN_022 | B23: US_LOGIN_001 | C23: Web | D23: Session survives page refresh | E23: Verify the user stays logged in after refreshing the inventory page. | F23: User logged in. | G23: 1. Log in 2. Refresh the browser | H23: standard_user / secret_sauce | I23: User remains on /inventory.html with products displayed. | J23: Positive | K23: Automation | L23: P2 | N23: Not Executed | O23: AC4, AC7 | P23: Medium | Q23: @regression | R23: Pending
A24: TC_WEB_LOGIN_023 | B24: US_LOGIN_001 | C24: Web | D24: Logout clears session | E24: Verify logout removes the session cookie. | F24: User logged in. | G24: 1. Log in 2. Log out 3. Inspect cookies | H24: standard_user / secret_sauce | I24: Cookie 'session-username' is removed. | J24: Security | K24: Automation | L24: P2 | N24: Not Executed | O24: AC9 | P24: Medium | Q24: @security @regression | R24: Pending
A25: TC_WEB_LOGIN_024 | B25: US_LOGIN_001 | C25: Web | D25: SQL injection in credentials | E25: Verify SQL injection strings do not bypass authentication. | F25: Browser open on the login page. | G25: 1. Enter the SQL payload in Username and Password 2. Click Login | H25: ' OR 1=1 -- / ' OR 1=1 -- | I25: Login is rejected with the 'do not match any user' error; no application error or stack trace. | J25: Security | K25: Automation | L25: P2 | N25: Not Executed | O25: AC5 | P25: Medium | Q25: @security @negative @regression | R25: Pending
A26: TC_WEB_LOGIN_025 | B26: US_LOGIN_001 | C26: Web | D26: XSS payload in username | E26: Verify script input is neither executed nor reflected as HTML. | F26: Browser open on the login page. | G26: 1. Enter a script tag in Username 2. Enter any password 3. Click Login | H26: <script>alert(1)</script> / x | I26: No dialog appears; the standard 'do not match any user' error is shown; payload is not rendered in the page. | J26: Security | K26: Automation | L26: P2 | N26: Not Executed | O26: AC5 | P26: Medium | Q26: @security @negative @regression | R26: Pending
A27: TC_WEB_LOGIN_026 | B27: US_LOGIN_001 | C27: Web | D27: Credentials not exposed in URL or storage | E27: Verify the password is not placed in the URL, cookies or local storage. | F27: Browser open on the login page. | G27: 1. Log in with valid credentials 2. Inspect the URL, cookies and local storage | H27: standard_user / secret_sauce | I27: 'secret_sauce' does not appear in the URL, cookies or local storage. | J27: Security | K27: Automation | L27: P2 | N27: Not Executed | O27: AC3 | P27: Medium | Q27: @security @regression | R27: Pending
A28: TC_WEB_LOGIN_027 | B28: US_LOGIN_001 | C28: Web | D28: Forged session cookie | E28: Verify a manually created session cookie does not grant access without a successful login. | F28: No active session; browser dev tools or automation can set cookies. | G28: 1. Open the login page 2. Set cookie session-username=standard_user 3. Open /inventory.html | H28: Cookie: session-username=standard_user | I28: Access is denied and the login page is shown. | J28: Security | K28: Both | L28: P3 | M28: /inventory.html opened with 6 products using only the forged cookie. | N28: Fail | O28: AC8 | P28: Medium | Q28: @security @known-issue | R28: Pending | S28: Deviation D-W2. Exploratory run 2026-10-12.
A29: TC_WEB_LOGIN_028 | B29: US_LOGIN_001 | C29: Web | D29: Error does not reveal which field is wrong | E29: Verify the error text is identical for a wrong username and a wrong password. | F29: Browser open on the login page. | G29: 1. Login with a wrong username, record the error 2. Login with a wrong password, record the error 3. Compare | H29: invalid_user / secret_sauce; standard_user / wrong_password | I29: Both errors are exactly 'Epic sadface: Username and password do not match any user in this service'. | J29: Security | K29: Automation | L29: P2 | N29: Not Executed | O29: AC5 | P29: Medium | Q29: @security @regression | R29: Pending
A30: TC_WEB_LOGIN_029 | B30: US_LOGIN_001 | C30: Web | D30: Very long input | E30: Verify very long username and password values are handled gracefully. | F30: Browser open on the login page. | G30: 1. Paste 1000 characters into Username and Password 2. Click Login | H30: 1000 x 'a' | I30: Standard 'do not match any user' error; page does not break or hang. | J30: Negative | K30: Manual | L30: NA | N30: Not Executed | O30: AC5 | P30: Low | R30: N/A
A31: TC_WEB_LOGIN_030 | B31: US_LOGIN_001 | C31: Web | D31: Special and unicode characters | E31: Verify special and unicode characters are handled gracefully. | F31: Browser open on the login page. | G31: 1. Enter special characters and unicode in Username 2. Enter any password 3. Click Login | H31: user!@#$%^&*()_+ and ユーザー | I31: Standard 'do not match any user' error; no rendering issues. | J31: Negative | K31: Manual | L31: NA | N31: Not Executed | O31: AC5 | P31: Low | R31: N/A
A32: TC_WEB_LOGIN_031 | B32: US_LOGIN_001 | C32: Web | D32: Credentials shown on login page | E32: Verify accepted usernames and the shared password are not displayed on the login page. | F32: Browser open on the login page. | G32: 1. Open the login page 2. Scroll to the bottom | H32: N/A | I32: No usernames or password are displayed. | J32: Security | K32: Manual | L32: NA | M32: Accepted usernames and the password 'secret_sauce' are printed on the page. | N32: Fail | O32: AC1 | P32: Low | R32: N/A | S32: Observation D-W1; by design for a demo site. Exploratory run 2026-10-12.
A33: TC_WEB_LOGIN_032 | B33: US_LOGIN_001 | C33: Web | D33: Keyboard navigation | E33: Verify the form can be completed using the keyboard only. | F33: Browser open on the login page. | G33: 1. Press Tab to move to Username 2. Type username 3. Tab to Password and type 4. Tab to Login and press Enter | H33: standard_user / secret_sauce | I33: Focus order is Username, Password, Login; focus indicator is visible; login succeeds. | J33: UI | K33: Manual | L33: NA | N33: Not Executed | O33: AC1, AC2 | P33: Low | R33: N/A
A34: TC_WEB_LOGIN_033 | B34: US_LOGIN_001 | C34: Web | D34: Layout and responsiveness | E34: Verify the login page layout at desktop, tablet and mobile viewport sizes. | F34: Browser open on the login page. | G34: 1. Open the page at 1920x1080, 768x1024 and 375x667 2. Observe the form | H34: N/A | I34: Form stays centered and usable with no overlap or horizontal scrolling. | J34: UI | K34: Manual | L34: NA | N34: Not Executed | O34: AC1 | P34: Low | R34: N/A
A35: TC_WEB_LOGIN_034 | B35: US_LOGIN_001 | C35: Web | D35: Cross-browser login | E35: Verify login works in Chromium, Firefox and WebKit. | F35: Browsers installed. | G35: 1. Run the login flow in each browser | H35: standard_user / secret_sauce | I35: Login succeeds in all browsers. | J35: Compatibility | K35: Both | L35: P3 | N35: Not Executed | O35: AC4 | P35: Medium | Q35: @regression | R35: Pending
A36: TC_WEB_LOGIN_035 | B36: US_LOGIN_001 | C36: Web | D36: problem_user login | E36: Verify problem_user can log in. | F36: Browser open on the login page. | G36: 1. Enter problem_user credentials 2. Click Login | H36: problem_user / secret_sauce | I36: User lands on /inventory.html (product images are known to be incorrect for this user). | J36: Positive | K36: Manual | L36: NA | N36: Not Executed | O36: AC4, AC7 | P36: Low | R36: N/A
A37: TC_WEB_LOGIN_036 | B37: US_LOGIN_001 | C37: Web | D37: performance_glitch_user login | E37: Verify performance_glitch_user can log in within an acceptable time. | F37: Browser open on the login page. | G37: 1. Enter performance_glitch_user credentials 2. Click Login | H37: performance_glitch_user / secret_sauce | I37: Inventory page loads within 10 seconds. | J37: Positive | K37: Automation | L37: P3 | N37: Not Executed | O37: AC4 | P37: Low | Q37: @regression | R37: Pending
A38: TC_WEB_LOGIN_037 | B38: US_LOGIN_001 | C38: Web | D38: Repeated rapid submit | E38: Verify double-clicking Login does not cause duplicate navigation or errors. | F38: Browser open on the login page. | G38: 1. Enter valid credentials 2. Double-click Login | H38: standard_user / secret_sauce | I38: One login occurs; inventory page displays normally. | J38: Negative | K38: Manual | L38: NA | N38: Not Executed | O38: AC5 | P38: Low | R38: N/A
A39: TC_WEB_LOGIN_038 | B39: US_LOGIN_001 | C39: Web | D39: Browser password manager prompts | E39: Document browser password-manager prompts that appear after login in a regular Chrome profile. | F39: Regular Chrome profile with Google Password Manager enabled. | G39: 1. Log in with valid credentials 2. Observe browser popups | H39: standard_user / secret_sauce | I39: Login succeeds; a browser 'Change your password' breach warning may appear and does not come from the application. | J39: Compatibility | K39: Manual | L39: NA | N39: Not Executed | O39: AC4 | P39: Low | R39: N/A | S39: Observation D-W6; does not occur in Playwright's clean profile.

Sheet Mobile
A1: Test Case ID | B1: User Story ID | C1: Platform (Web/Mobile) | D1: Test Scenario | E1: Test Case Description | F1: Preconditions | G1: Test Steps | H1: Test Data | I1: Expected Result | J1: Test Type | K1: Execution Type (Manual/Automation/Both) | L1: Automation Priority | M1: Actual Result | N1: Execution Status | O1: AC Ref | P1: Priority | Q1: Automation Tags | R1: Automation Script Ref | S1: Remarks
A2: TC_MOB_LOGIN_001 | B2: US_LOGIN_001 | C2: Mobile | D2: Login screen controls | E2: Verify the login screen shows Username, Password and Login controls. | F2: App installed and launched; Login screen opened from the menu. | G2: 1. Tap the menu icon 2. Tap Log In 3. Observe the screen | H2: N/A | I2: Username field, Password field and 'Login' button are displayed. | J2: UI | K2: Both | L2: P1 | N2: Not Executed | O2: AC1 | P2: High | Q2: @smoke @regression | R2: Pending
A3: TC_MOB_LOGIN_002 | B3: US_LOGIN_001 | C3: Mobile | D3: Open Login from the menu | E3: Verify the Login screen is reachable from the navigation menu. | F3: App launched; user logged out. | G3: 1. Tap 'View menu' 2. Tap 'Log In' | H3: N/A | I3: Login screen with the 'Login' title is displayed; the menu shows 'Log In' while logged out. | J3: Navigation | K3: Automation | L3: P1 | N3: Not Executed | O3: AC7, AC8 | P3: High | Q3: @smoke @regression | R3: Pending
A4: TC_MOB_LOGIN_003 | B4: US_LOGIN_001 | C4: Mobile | D4: Successful login | E4: Verify a user can log in with valid credentials. | F4: Login screen displayed. | G4: 1. Enter username 2. Enter password 3. Tap Login | H4: bod@example.com / 10203040 | I4: Products screen is displayed and the menu now shows 'Log Out'. | J4: Positive | K4: Both | L4: P1 | N4: Not Executed | O4: AC2, AC4, AC7 | P4: High | Q4: @smoke @regression | R4: Pending
A5: TC_MOB_LOGIN_004 | B5: US_LOGIN_001 | C5: Mobile | D5: Password masking | E5: Verify the password is masked while typed. | F5: Login screen displayed. | G5: 1. Type a password 2. Observe the field | H5: 10203040 | I5: Characters are masked; the Password field is of password type. | J5: UI | K5: Both | L5: P1 | N5: Not Executed | O5: AC3 | P5: High | Q5: @smoke @regression | R5: Pending
A6: TC_MOB_LOGIN_005 | B6: US_LOGIN_001 | C6: Mobile | D6: Autofill from listed username | E6: Verify tapping a listed username populates both fields. | F6: Login screen displayed. | G6: 1. Tap the underlined 'bod@example.com' in the Usernames list | H6: bod@example.com | I6: Username shows bod@example.com and Password is filled. | J6: Positive | K6: Automation | L6: P2 | N6: Not Executed | O6: AC2 | P6: Medium | Q6: @regression | R6: Pending
A7: TC_MOB_LOGIN_006 | B7: US_LOGIN_001 | C7: Mobile | D7: Mandatory fields - both empty | E7: Verify submitting empty fields shows a validation message. | F7: Login screen displayed. | G7: 1. Leave both fields empty 2. Tap Login | H7: (empty) / (empty) | I7: 'Username is required' is displayed; no password error is shown; user stays on the Login screen. | J7: Validation | K7: Automation | L7: P1 | N7: Not Executed | O7: AC6 | P7: High | Q7: @smoke @negative @regression | R7: Pending
A8: TC_MOB_LOGIN_007 | B8: US_LOGIN_001 | C8: Mobile | D8: Mandatory fields - password empty | E8: Verify a username without a password shows a validation message. | F8: Login screen displayed. | G8: 1. Enter username 2. Leave Password empty 3. Tap Login | H8: bod@example.com / (empty) | I8: A password-required message is displayed. App text is 'Enter Password'. | J8: Validation | K8: Automation | L8: P1 | N8: Not Executed | O8: AC6 | P8: High | Q8: @negative @regression | R8: Pending | S8: AC wording suggests 'Password is required'; app text differs (D-M5).
A9: TC_MOB_LOGIN_008 | B9: US_LOGIN_001 | C9: Mobile | D9: Mandatory fields - username empty | E9: Verify a password without a username shows a validation message. | F9: Login screen displayed. | G9: 1. Leave Username empty 2. Enter password 3. Tap Login | H9: (empty) / 10203040 | I9: 'Username is required' is displayed; user stays on the Login screen. | J9: Validation | K9: Automation | L9: P1 | N9: Not Executed | O9: AC6 | P9: High | Q9: @negative @regression | R9: Pending
A10: TC_MOB_LOGIN_009 | B10: US_LOGIN_001 | C10: Mobile | D10: Valid username, invalid password | E10: Verify login is rejected for a valid username with a wrong password. | F10: Login screen displayed. | G10: 1. Enter valid username 2. Enter a wrong password 3. Tap Login | H10: bod@example.com / wrongpass | I10: An error message is displayed and the user is not logged in. | J10: Negative | K10: Automation | L10: P1 | M10: No error. User logged in and the Products screen opened. | N10: Fail | O10: AC5 | P10: High | Q10: @negative @regression @known-issue | R10: Pending | S10: Deviation D-M1. Exploratory run 2026-10-12.
A11: TC_MOB_LOGIN_010 | B11: US_LOGIN_001 | C11: Mobile | D11: Invalid username and password | E11: Verify login is rejected when both credentials are wrong. | F11: Login screen displayed. | G11: 1. Enter unknown username 2. Enter a wrong password 3. Tap Login | H11: unknown@example.com / wrongpass | I11: An error message is displayed and the user is not logged in. | J11: Negative | K11: Automation | L11: P2 | N11: Not Executed | O11: AC5 | P11: High | Q11: @negative @regression @known-issue | R11: Pending | S11: Expected to deviate (D-M1); not run during exploration.
A12: TC_MOB_LOGIN_011 | B12: US_LOGIN_001 | C12: Mobile | D12: Locked out user | E12: Verify the locked-out user cannot log in. | F12: Login screen displayed. | G12: 1. Enter the locked-out username 2. Enter password 3. Tap Login | H12: alice@example.com / 10203040 | I12: 'Sorry this user has been locked out.' is displayed; user stays on the Login screen. | J12: Negative | K12: Automation | L12: P1 | N12: Not Executed | O12: AC5 | P12: High | Q12: @smoke @negative @regression | R12: Pending
A13: TC_MOB_LOGIN_012 | B13: US_LOGIN_001 | C13: Mobile | D13: Logout | E13: Verify a logged-in user can log out. | F13: User logged in. | G13: 1. Tap 'View menu' 2. Tap 'Log Out' 3. Tap LOGOUT in the confirmation dialog | H13: bod@example.com / 10203040 | I13: Dialog 'Are you sure you want to logout' appears; after LOGOUT the Login screen is displayed with empty fields. | J13: Navigation | K13: Both | L13: P1 | N13: Not Executed | O13: AC9 | P13: High | Q13: @smoke @regression | R13: Pending
A14: TC_MOB_LOGIN_013 | B14: US_LOGIN_001 | C14: Mobile | D14: Cancel logout | E14: Verify cancelling the logout dialog keeps the user logged in. | F14: User logged in. | G14: 1. Tap 'View menu' 2. Tap 'Log Out' 3. Tap CANCEL | H14: bod@example.com / 10203040 | I14: Dialog closes; the user remains logged in and the menu still shows 'Log Out'. | J14: Navigation | K14: Automation | L14: P2 | N14: Not Executed | O14: AC9 | P14: Medium | Q14: @regression | R14: Pending
A15: TC_MOB_LOGIN_014 | B15: US_LOGIN_001 | C15: Mobile | D15: Menu state after logout | E15: Verify the menu offers 'Log In' again after logout. | F15: User has just logged out. | G15: 1. Log in 2. Log out 3. Open the menu | H15: bod@example.com / 10203040 | I15: Menu shows 'Log In' and no 'Log Out'. | J15: Navigation | K15: Automation | L15: P2 | N15: Not Executed | O15: AC9 | P15: Medium | Q15: @regression | R15: Pending
A16: TC_MOB_LOGIN_015 | B16: US_LOGIN_001 | C16: Mobile | D16: Access without login | E16: Verify authenticated content is not accessible before login. | F16: App freshly launched; no login. | G16: 1. Launch the app 2. Observe the first screen | H16: N/A | I16: Login screen is shown, or authenticated content is blocked until login. | J16: Security | K16: Automation | L16: P2 | M16: App opens directly on Products with the catalog and cart usable without logging in. | N16: Fail | O16: AC8 | P16: High | Q16: @security @known-issue | R16: Pending | S16: Deviation D-M2 / AC8. Exploratory run 2026-10-12.
A17: TC_MOB_LOGIN_016 | B17: US_LOGIN_001 | C17: Mobile | D17: Checkout without login | E17: Verify starting checkout while logged out redirects to Login. | F17: Logged out; at least one item in the cart. | G17: 1. Add an item to the cart 2. Open the cart 3. Tap Proceed To Checkout | H17: N/A | I17: Login screen is displayed; after login the user continues to checkout info. | J17: Navigation | K17: Both | L17: P3 | N17: Not Executed | O17: AC8 | P17: Medium | Q17: @regression | R17: Pending | S17: Behavior taken from source; not run during exploration.
A18: TC_MOB_LOGIN_017 | B18: US_LOGIN_001 | C18: Mobile | D18: Back button after logout | E18: Verify the system Back button after logout does not return to an authenticated state. | F18: User has just logged out. | G18: 1. Log in 2. Log out 3. Press the device Back button | H18: bod@example.com / 10203040 | I18: App does not show a logged-in session; the menu still offers 'Log In'. | J18: Security | K18: Both | L18: P3 | N18: Not Executed | O18: AC8, AC9 | P18: Medium | Q18: @security @regression | R18: Pending | S18: Not run during exploration.
A19: TC_MOB_LOGIN_018 | B19: US_LOGIN_001 | C19: Mobile | D19: Whitespace-only credentials | E19: Verify whitespace-only values are treated as empty. | F19: Login screen displayed. | G19: 1. Enter spaces in Username and Password 2. Tap Login | H19: ' ' / ' ' | I19: 'Username is required' is displayed. | J19: Validation | K19: Automation | L19: P3 | N19: Not Executed | O19: AC5, AC6 | P19: Low | Q19: @negative @regression | R19: Pending | S19: Based on source (input is trimmed); not run.
A20: TC_MOB_LOGIN_019 | B20: US_LOGIN_001 | C20: Mobile | D20: SQL injection in credentials | E20: Verify SQL injection strings do not bypass authentication. | F20: Login screen displayed. | G20: 1. Enter the payload in Username and Password 2. Tap Login | H20: ' OR 1=1 -- / ' OR 1=1 -- | I20: Login is rejected with an error. | J20: Security | K20: Both | L20: P3 | N20: Not Executed | O20: AC5 | P20: Medium | Q20: @security @negative @known-issue | R20: Pending | S20: Expected to deviate (D-M1); not run.
A21: TC_MOB_LOGIN_020 | B21: US_LOGIN_001 | C21: Mobile | D21: Session after app restart | E21: Document whether the login session persists after the app is force-stopped and reopened. | F21: User logged in. | G21: 1. Log in 2. Force-stop the app 3. Reopen the app 4. Open the menu | H21: bod@example.com / 10203040 | I21: Behavior is documented (source indicates the session is not persisted). | J21: Navigation | K21: Manual | L21: NA | N21: Not Executed | O21: AC4 | P21: Low | R21: N/A
A22: TC_MOB_LOGIN_021 | B22: US_LOGIN_001 | C22: Mobile | D22: Very long input | E22: Verify very long values do not crash the app. | F22: Login screen displayed. | G22: 1. Paste 500 characters into both fields 2. Tap Login | H22: 500 x 'a' | I22: No crash or freeze; app responds as for any other credentials. | J22: Negative | K22: Manual | L22: NA | N22: Not Executed | O22: AC5 | P22: Low | R22: N/A
A23: TC_MOB_LOGIN_022 | B23: US_LOGIN_001 | C23: Mobile | D23: Orientation change | E23: Verify entered values and layout survive rotation. | F23: Login screen displayed. | G23: 1. Type credentials 2. Rotate the device to landscape and back | H23: bod@example.com / 10203040 | I23: No crash; fields and Login button remain usable (note any lost input). | J23: UI | K23: Manual | L23: NA | N23: Not Executed | O23: AC1, AC2 | P23: Low | R23: N/A
A24: TC_MOB_LOGIN_023 | B24: US_LOGIN_001 | C24: Mobile | D24: Keyboard behavior | E24: Verify the soft keyboard does not hide the Login button and IME actions work. | F24: Login screen displayed. | G24: 1. Tap Username 2. Use the keyboard Next/Done action 3. Scroll if needed to reach Login | H24: N/A | I24: Fields and Login button remain reachable; keyboard can be dismissed. | J24: UI | K24: Manual | L24: NA | N24: Not Executed | O24: AC1, AC2 | P24: Low | R24: N/A
A25: TC_MOB_LOGIN_024 | B25: US_LOGIN_001 | C25: Mobile | D25: Biometric button visibility | E25: Verify the biometric login button is hidden when biometrics are not enabled. | F25: Biometric login not enabled in the app. | G25: 1. Open the Login screen 2. Observe the button area | H25: N/A | I25: Only the 'Login' button is shown. | J25: UI | K25: Manual | L25: NA | N25: Not Executed | O25: AC1 | P25: Low | R25: N/A
A26: TC_MOB_LOGIN_025 | B26: US_LOGIN_001 | C26: Mobile | D26: Visual user login | E26: Verify visual@example.com can log in. | F26: Login screen displayed. | G26: 1. Tap the 'visual@example.com' listed username 2. Tap Login | H26: visual@example.com / 10203040 | I26: Products screen is displayed. | J26: Positive | K26: Manual | L26: NA | N26: Not Executed | O26: AC4 | P26: Low | R26: N/A
A27: TC_MOB_LOGIN_026 | B27: US_LOGIN_001 | C27: Mobile | D27: Credentials shown on login screen | E27: Verify usernames and the password are not listed on the Login screen. | F27: Login screen displayed. | G27: 1. Open the Login screen 2. Scroll to the Usernames list | H27: N/A | I27: No credentials are displayed. | J27: Security | K27: Manual | L27: NA | M27: Usernames and the password are listed on the screen (from source and layout). | N27: Fail | O27: AC1 | P27: Low | R27: N/A | S27: Observation D-M4; by design for a demo app.
A28: TC_MOB_LOGIN_027 | B28: US_LOGIN_001 | C28: Mobile | D28: Accessibility labels | E28: Verify the login controls expose accessibility descriptions for TalkBack. | F28: TalkBack enabled. | G28: 1. Focus each control on the Login screen | H28: N/A | I28: Each control is announced with a meaningful name. | J28: UI | K28: Manual | L28: NA | N28: Not Executed | O28: AC1, AC3 | P28: Low | R28: N/A
A29: TC_MOB_LOGIN_028 | B29: US_LOGIN_001 | C29: Mobile | D29: Password not leaked to logs | E29: Verify the password is not written to logcat during login. | F29: Device connected with adb. | G29: 1. Clear logcat 2. Log in 3. Search logcat for the password | H29: bod@example.com / 10203040 | I29: The password value does not appear in logcat. | J29: Security | K29: Manual | L29: NA | N29: Not Executed | O29: AC3 | P29: Low | R29: N/A

Sheet AC Traceability
A1: AC | B1: Acceptance Criterion | C1: Web Test Cases | D1: Mobile Test Cases
A2: AC1 | B2: Login screen displays Username, Password and Login controls | C2: WEB_002, WEB_031, WEB_032, WEB_033 | D2: MOB_001, MOB_022, MOB_023, MOB_024, MOB_026, MOB_027
A3: AC2 | B3: User can enter valid credentials | C3: WEB_001, WEB_004, WEB_032 | D3: MOB_003, MOB_005, MOB_022, MOB_023
A4: AC3 | B4: Password is masked | C4: WEB_003, WEB_026 | D4: MOB_004, MOB_027, MOB_028
A5: AC4 | B5: Valid credentials allow successful login | C5: WEB_001, WEB_004, WEB_022, WEB_034, WEB_035, WEB_036, WEB_038 | D5: MOB_003, MOB_020, MOB_025
A6: AC5 | B6: Invalid credentials display appropriate error messages | C6: WEB_008, WEB_009, WEB_010, WEB_011, WEB_012, WEB_013, WEB_014, WEB_015, WEB_016, WEB_024, WEB_025, WEB_028, WEB_029, WEB_030, WEB_037 | D6: MOB_009, MOB_010, MOB_011, MOB_018, MOB_019, MOB_021
A7: AC6 | B7: Mandatory field validations are handled | C7: WEB_005, WEB_006, WEB_007, WEB_016 | D7: MOB_006, MOB_007, MOB_008, MOB_018
A8: AC7 | B8: Successful login navigates to the authenticated screen | C8: WEB_001, WEB_017, WEB_022, WEB_035 | D8: MOB_002, MOB_003
A9: AC8 | B9: Users cannot access authenticated screens without login | C9: WEB_019, WEB_020, WEB_021, WEB_027 | D9: MOB_002, MOB_015, MOB_016, MOB_017
A10: AC9 | B10: User can log out, where supported | C10: WEB_018, WEB_019, WEB_023 | D10: MOB_012, MOB_013, MOB_014, MOB_017
